0,0,32,5,5,0,10,1,10,25,25,10,32,2,20,15,15,7,40,3,40,3,10,2,10,4,30,5,5,0,10,5,31,5,5,0,10,6,30,5,5,0,10,7,31,5,5,0,10,8,30,5,5,0,10,9,31,5,5,0,10,10,30,5,5,0,10,11,31,5,5,0,10,12,30,5,5,0,10,13,31,5,5,0,10
0,0,32,5,5,0,10,1,10,25,25,10,32,2,20,15,15,7,40,3,40,3,10,2,10,4,30,5,5,0,10,5,31,5,5,0,10,6,30,5,5,0,10,7,31,5,5,0,10,8,30,5,5,0,10,9,31,5,5,0,10,10,30,5,5,0,10,11,31,5,5,0,10,12,30,5,5,0,10,13,31,5,5,0,10
0,0,32,5,5,0,10,1,10,25,25,10,32,2,20,15,15,7,40,3,40,3,10,2,10,4,30,5,5,0,10,5,31,5,5,0,10,6,30,5,5,0,10,7,31,5,5,0,10,8,30,5,5,0,10,9,31,5,5,0,10,10,30,5,5,0,10,11,31,5,5,0,10,12,30,5,5,0,10,13,31,5,5,0,10
0,0,32,5,5,0,10,1,10,25,25,10,32,2,20,15,15,7,40,3,40,3,10,2,10,4,30,5,5,0,10,5,31,5,5,0,10,6,30,5,5,0,10,7,31,5,5,0,10,8,30,5,5,0,10,9,31,5,5,0,10,10,30,5,5,0,10,11,31,5,5,0,10,12,30,5,5,0,10,13,31,5,5,0,10
0,0,32,5,5,0,10,1,10,25,25,10,32,2,20,15,15,7,40,3,40,3,10,2,10,4,30,5,5,0,10,5,31,5,5,0,10,6,30,5,5,0,10,7,31,5,5,0,10,8,30,5,5,0,10,9,31,5,5,0,10,10,30,5,5,0,10,11,31,5,5,0,10,12,30,5,5,0,10,13,31,5,5,0,10
0,0,32,5,5,0,10,1,10,25,25,10,32,2,20,15,15,7,40,3,40,3,10,2,10,4,30,5,5,0,10,5,31,5,5,0,10,6,30,5,5,0,10,7,31,5,5,0,10,8,30,5,5,0,10,9,31,5,5,0,10,10,30,5,5,0,10,11,31,5,5,0,10,12,30,5,5,0,10,13,31,5,5,0,10
0,0,32,5,5,0,10,1,10,25,25,10,32,2,20,15,15,7,40,3,40,3,10,2,10,4,30,5,5,0,10,5,31,5,5,0,10,6,30,5,5,0,10,7,31,5,5,0,10,8,30,5,5,0,10,9,31,5,5,0,10,10,30,5,5,0,10,11,31,5,5,0,10,12,30,5,5,0,10,13,31,5,5,0,10
0,0,32,5,5,0,10,1,10,25,25,10,32,2,20,15,15,7,40,3,40,3,10,2,10,4,30,5,5,0,10,5,31,5,5,0,10,6,30,5,5,0,10,7,31,5,5,0,10,8,30,5,5,0,10,9,31,5,5,0,10,10,30,5,5,0,10,11,31,5,5,0,10,12,30,5,5,0,10,13,31,5,5,0,10
0,0,32,5,5,0,10,1,10,25,25,10,32,2,20,15,15,7,40,3,40,3,10,2,10,4,30,5,5,0,10,5,31,5,5,0,10,6,30,5,5,0,10,7,31,5,5,0,10,8,30,5,5,0,10,9,31,5,5,0,10,10,30,5,5,0,10,11,31,5,5,0,10,12,30,5,5,0,10,13,31,5,5,0,10
0,0,32,5,5,0,10,1,10,25,25,10,32,2,20,15,15,7,40,3,40,3,10,2,10,4,30,5,5,0,10,5,31,5,5,0,10,6,30,5,5,0,10,7,31,5,5,0,10,8,30,5,5,0,10,9,31,5,5,0,10,10,30,5,5,0,10,11,31,5,5,0,10,12,30,5,5,0,10,13,31,5,5,0,10
0,0,32,5,5,0,10,1,10,25,25,10,32,2,20,15,15,7,40,3,40,3,10,2,10,4,30,5,5,0,10,5,31,5,5,0,10,6,30,5,5,0,10,7,31,5,5,0,10,8,30,5,5,0,10,9,31,5,5,0,10,10,30,5,5,0,10,11,31,5,5,0,10,12,30,5,5,0,10,13,31,5,5,0,10
0,0,32,5,5,0,10,1,10,25,25,10,32,2,20,15,15,7,40,3,40,3,10,2,10,4,30,5,5,0,10,5,31,5,5,0,10,6,30,5,5,0,10,7,31,5,5,0,10,8,30,5,5,0,10,9,31,5,5,0,10,10,30,5,5,0,10,11,31,5,5,0,10,12,30,5,5,0,10,13,31,5,5,0,10
0,0,32,5,5,0,10,1,10,25,25,10,32,2,20,15,15,7,40,3,40,3,10,2,10,4,30,5,5,0,10,5,31,5,5,0,10,6,30,5,5,0,10,7,31,5,5,0,10,8,30,5,5,0,10,9,31,5,5,0,10,10,30,5,5,0,10,11,31,5,5,0,10,12,30,5,5,0,10,13,31,5,5,0,10
0,0,32,5,5,0,10,1,10,25,25,10,32,2,20,15,15,7,40,3,40,3,10,2,10,4,30,5,5,0,10,5,31,5,5,0,10,6,30,5,5,0,10,7,31,5,5,0,10,8,30,5,5,0,10,9,31,5,5,0,10,10,30,5,5,0,10,11,31,5,5,0,10,12,30,5,5,0,10,13,31,5,5,0,10
1,0,10,23,25,10,40,1,20,15,15,5,30,2,31,5,5,0,10,3,30,5,5,0,10,4,31,5,5,0,10,5,30,5,5,0,10,6,31,5,5,0,10,7,30,5,5,0,10,8,31,5,5,0,10,9,30,5,5,0,10,10,31,5,5,5,10
1,0,10,23,25,10,40,1,20,15,15,5,30,2,31,5,5,0,10,3,30,5,5,0,10,4,31,5,5,0,10,5,30,5,5,0,10,6,31,5,5,0,10,7,30,5,5,0,10,8,31,5,5,0,10,9,30,5,5,0,10,10,31,5,5,5,10
1,0,10,23,25,10,40,1,20,15,15,5,30,2,31,5,5,0,10,3,30,5,5,0,10,4,31,5,5,0,10,5,30,5,5,0,10,6,31,5,5,0,10,7,30,5,5,0,10,8,31,5,5,0,10,9,30,5,5,0,10,10,31,5,5,5,10
1,0,10,23,25,10,40,1,20,15,15,5,30,2,31,5,5,0,10,3,30,5,5,0,10,4,31,5,5,0,10,5,30,5,5,0,10,6,31,5,5,0,10,7,30,5,5,0,10,8,31,5,5,0,10,9,30,5,5,0,10,10,31,5,5,5,10
1,0,10,23,25,10,40,1,20,15,15,5,30,2,31,5,5,0,10,3,30,5,5,0,10,4,31,5,5,0,10,5,30,5,5,0,10,6,31,5,5,0,10,7,30,5,5,0,10,8,31,5,5,0,10,9,30,5,5,0,10,10,31,5,5,5,10
1,0,10,23,25,10,40,1,20,15,15,5,30,2,31,5,5,0,10,3,30,5,5,0,10,4,31,5,5,0,10,5,30,5,5,0,10,6,31,5,5,0,10,7,30,5,5,0,10,8,31,5,5,0,10,9,30,5,5,0,10,10,31,5,5,5,10
1,0,10,23,25,10,40,1,20,15,15,5,30,2,31,5,5,0,10,3,30,5,5,0,10,4,31,5,5,0,10,5,30,5,5,0,10,6,31,5,5,0,10,7,30,5,5,0,10,8,31,5,5,0,10,9,30,5,5,0,10,10,31,5,5,5,10
1,0,10,23,25,10,40,1,20,15,15,5,30,2,31,5,5,0,10,3,30,5,5,0,10,4,31,5,5,0,10,5,30,5,5,0,10,6,31,5,5,0,10,7,30,5,5,0,10,8,31,5,5,0,10,9,30,5,5,0,10,10,31,5,5,5,10
1,0,10,23,25,10,40,1,20,15,15,5,30,2,31,5,5,0,10,3,30,5,5,0,10,4,31,5,5,0,10,5,30,5,5,0,10,6,31,5,5,0,10,7,30,5,5,0,10,8,31,5,5,0,10,9,30,5,5,0,10,10,31,5,5,5,10
1,0,10,23,25,10,40,1,20,15,15,5,30,2,31,5,5,0,10,3,30,5,5,0,10,4,31,5,5,0,10,5,30,5,5,0,10,6,31,5,5,0,10,7,30,5,5,0,10,8,31,5,5,0,10,9,30,5,5,0,10,10,31,5,5,5,10
1,0,10,23,25,10,40,1,20,15,15,5,30,2,31,5,5,0,10,3,30,5,5,0,10,4,31,5,5,0,10,5,30,5,5,0,10,6,31,5,5,0,10,7,30,5,5,0,10,8,31,5,5,0,10,9,30,5,5,0,10,10,31,5,5,5,10
2,0,10,18,25,9,31,1,20,15,15,5,30,2,31,5,5,0,10,3,30,5,5,0,10,4,31,5,5,0,10,5,30,5,5,0,10,6,31,5,5,0,10,7,30,5,5,0,10,8,31,5,5,0,10
2,0,10,18,25,9,31,1,20,15,15,5,30,2,31,5,5,0,10,3,30,5,5,0,10,4,31,5,5,0,10,5,30,5,5,0,10,6,31,5,5,0,10,7,30,5,5,0,10,8,31,5,5,0,10
2,0,10,18,25,9,31,1,20,15,15,5,30,2,31,5,5,0,10,3,30,5,5,0,10,4,31,5,5,0,10,5,30,5,5,0,10,6,31,5,5,0,10,7,30,5,5,0,10,8,31,5,5,0,10
2,0,10,18,25,9,31,1,20,15,15,5,30,2,31,5,5,0,10,3,30,5,5,0,10,4,31,5,5,0,10,5,30,5,5,0,10,6,31,5,5,0,10,7,30,5,5,0,10,8,31,5,5,0,10
2,0,10,18,25,9,31,1,20,15,15,5,30,2,31,5,5,0,10,3,30,5,5,0,10,4,31,5,5,0,10,5,30,5,5,0,10,6,31,5,5,0,10,7,30,5,5,0,10,8,31,5,5,0,10
2,0,10,18,25,9,31,1,20,15,15,5,30,2,31,5,5,0,10,3,30,5,5,0,10,4,31,5,5,0,10,5,30,5,5,0,10,6,31,5,5,0,10,7,30,5,5,0,10,8,31,5,5,0,10
2,0,10,18,25,9,31,1,20,15,15,5,30,2,31,5,5,0,10,3,30,5,5,0,10,4,31,5,5,0,10,5,30,5,5,0,10,6,31,5,5,0,10,7,30,5,5,0,10,8,31,5,5,0,10
2,0,10,18,25,9,31,1,20,15,15,5,30,2,31,5,5,0,10,3,30,5,5,0,10,4,31,5,5,0,10,5,30,5,5,0,10,6,31,5,5,0,10,7,30,5,5,0,10,8,31,5,5,0,10
2,0,10,18,25,9,31,1,20,15,15,5,30,2,31,5,5,0,10,3,30,5,5,0,10,4,31,5,5,0,10,5,30,5,5,0,10,6,31,5,5,0,10,7,30,5,5,0,10,8,31,5,5,0,10
3,0,10,18,25,0,31,1,20,15,15,6,31,2,30,5,5,0,10,3,31,5,5,0,10,4,30,5,5,0,10,5,31,5,5,0,10,6,30,5,5,0,10,7,31,5,5,0,10
3,0,10,18,25,0,31,1,20,15,15,6,31,2,30,5,5,0,10,3,31,5,5,0,10,4,30,5,5,0,10,5,31,5,5,0,10,6,30,5,5,0,10,7,31,5,5,0,10
3,0,10,18,25,0,31,1,20,15,15,6,31,2,30,5,5,0,10,3,31,5,5,0,10,4,30,5,5,0,10,5,31,5,5,0,10,6,30,5,5,0,10,7,31,5,5,0,10
3,0,10,18,25,0,31,1,20,15,15,6,31,2,30,5,5,0,10,3,31,5,5,0,10,4,30,5,5,0,10,5,31,5,5,0,10,6,30,5,5,0,10,7,31,5,5,0,10
3,0,10,18,25,0,31,1,20,15,15,6,31,2,30,5,5,0,10,3,31,5,5,0,10,4,30,5,5,0,10,5,31,5,5,0,10,6,30,5,5,0,10,7,31,5,5,0,10
3,0,10,18,25,0,31,1,20,15,15,6,31,2,30,5,5,0,10,3,31,5,5,0,10,4,30,5,5,0,10,5,31,5,5,0,10,6,30,5,5,0,10,7,31,5,5,0,10
3,0,10,18,25,0,31,1,20,15,15,6,31,2,30,5,5,0,10,3,31,5,5,0,10,4,30,5,5,0,10,5,31,5,5,0,10,6,30,5,5,0,10,7,31,5,5,0,10
3,0,10,18,25,0,31,1,20,15,15,6,31,2,30,5,5,0,10,3,31,5,5,0,10,4,30,5,5,0,10,5,31,5,5,0,10,6,30,5,5,0,10,7,31,5,5,0,10
4,0,10,18,25,8,30,1,20,15,15,6,31,2,30,5,5,0,10,3,31,5,5,0,10,4,30,5,5,0,10,5,31,5,5,0,10
4,0,10,18,25,8,30,1,20,15,15,6,31,2,30,5,5,0,10,3,31,5,5,0,10,4,30,5,5,0,10,5,31,5,5,0,10
4,0,10,18,25,8,30,1,20,15,15,6,31,2,30,5,5,0,10,3,31,5,5,0,10,4,30,5,5,0,10,5,31,5,5,0,10
4,0,10,18,25,8,30,1,20,15,15,6,31,2,30,5,5,0,10,3,31,5,5,0,10,4,30,5,5,0,10,5,31,5,5,0,10
4,0,10,18,25,8,30,1,20,15,15,6,31,2,30,5,5,0,10,3,31,5,5,0,10,4,30,5,5,0,10,5,31,5,5,0,10
4,0,10,18,25,8,30,1,20,15,15,6,31,2,30,5,5,0,10,3,31,5,5,0,10,4,30,5,5,0,10,5,31,5,5,0,10
5,0,10,18,25,8,30,1,20,15,15,6,31,2,30,5,5,0,10,3,31,5,5,0,10
5,0,10,18,25,8,30,1,20,15,15,6,31,2,30,5,5,0,10,3,31,5,5,0,10
5,0,10,18,25,8,30,1,20,15,15,6,31,2,30,5,5,0,10,3,31,5,5,0,10
5,0,10,18,25,8,30,1,20,15,15,6,31,2,30,5,5,0,10,3,31,5,5,0,10
6,0,10,18,25,8,30,1,20,15,15,6,31
6,0,10,18,25,8,30,1,20,15,15,6,31
